{"difficulty": 2220, "coef": 0.004479398673070138, "bias": -9.944265054215705, "augmented": false, "detail": [{"inner_rating": 2665.7427386287027, "solved": true, "user_id": 1195, "atcoder_user_name": "rickytheta"}, {"inner_rating": 1712.3832561983188, "solved": false, "user_id": 1373, "atcoder_user_name": "m_buyoh"}, {"inner_rating": 2039.8438901987981, "solved": false, "user_id": 629, "atcoder_user_name": "FF256grhy"}, {"inner_rating": 2430.4930202677256, "solved": true, "user_id": 6953, "atcoder_user_name": "pekempey"}]}