{"difficulty": 2295, "coef": 0.10417981778800417, "bias": -239.1330738492419, "augmented": true, "detail": [{"inner_rating": 2364.8522247890337, "solved": 1, "user_id": 6340, "atcoder_user_name": "risujiroh"}, {"inner_rating": 2396.459596948679, "solved": 1, "user_id": 6953, "atcoder_user_name": "pekempey"}, {"inner_rating": 2642.0148289355043, "solved": 1, "user_id": 6298, "atcoder_user_name": "hitonanode"}]}