{"difficulty": 2647, "coef": 0.004479398673070138, "bias": -11.856968287616654, "augmented": false, "detail": [{"inner_rating": 2776.5980297165497, "solved": false, "user_id": 2654, "atcoder_user_name": "beet"}, {"inner_rating": 2880.0605946347796, "solved": true, "user_id": 74, "atcoder_user_name": "uwi"}, {"inner_rating": 2756.6298498566034, "solved": true, "user_id": 11774, "atcoder_user_name": "heno239"}]}